Title,Author,Bio
"
你是如何自学 Python 的？
",,
"
如何入门 Python 爬虫？
",,
"
Python 的练手项目有哪些值得推荐？
",,
"
如何系统地自学 Python？
",,
"
编程零基础应当如何开始学习 Python ？
",,
"
零基础应该选择学习 java、php、前端 还是 python？
",,
"
Python 的练手项目有哪些值得推荐？
",,
"
如何在业余时学数据分析？
",,
"
零基础如何学爬虫技术？
",,
"
如何用一段简单的代码讲述一个悲伤的故事？
",,
"
如何入门 Python 爬虫？
",,
"
使用 Python 会降低程序员的编程能力吗？
",,
"
为什么很多人喜欢 Python？
",,
"
如何系统地自学 Python？
",,
"
零基础如何学爬虫技术？
",,
"
哪些 Python 库让你相见恨晚？
",,
"
你们都是怎么学Python 的？
",,
"
Excel 的 VBA 现在还算是办公利器吗？
",,
"
如何在业余时学数据分析？
",,
"
如何实现 C/C++ 与 Python 的通信？
",,
